{
    "calculator_type": "eqV2_31M_omat",
    "mlearn_elements": [
        "Ge"
    ],
    "forces_mae_Ge": 0.03295352079881405,
    "stresses_mae_Ge": 0.8668551979889011
}