{
    "calculator_type": "eqV2_86M_omat",
    "mlearn_elements": [
        "Li"
    ],
    "forces_mae_Li": 0.00426599106514172,
    "stresses_mae_Li": 0.2007639140113057
}