{
    "calculator_type": "eqV2_86M_omat_mp_salex",
    "mlearn_elements": [
        "Ni"
    ],
    "forces_mae_Ni": 0.008671631296286566,
    "stresses_mae_Ni": 1.3110129178057937
}