{
    "calculator_type": "matgl",
    "mlearn_elements": [
        "Mo"
    ],
    "forces_mae_Mo": 0.33253406368952565,
    "stresses_mae_Mo": 4.271186832726288
}