{
    "calculator_type": "mace-alexandria",
    "mlearn_elements": [
        "Mo"
    ],
    "forces_mae_Mo": 0.34328424847755495,
    "stresses_mae_Mo": 2.6203280050532305
}