{
    "calculator_type": "mace-alexandria",
    "mlearn_elements": [
        "Si"
    ],
    "forces_mae_Si": 0.20200599459042673,
    "stresses_mae_Si": 2.887782364549493
}