{
    "calculator_type": "mace-alexandria",
    "mlearn_elements": [
        "Ge"
    ],
    "forces_mae_Ge": 0.1609848714737046,
    "stresses_mae_Ge": 0.8587984863720529
}