{
    "calculator_type": "eqV2_153M_omat",
    "mlearn_elements": [
        "Ni"
    ],
    "forces_mae_Ni": 0.009122896102844376,
    "stresses_mae_Ni": 1.1943352565942986
}