{
    "calculator_type": "eqV2_86M_omat",
    "mlearn_elements": [
        "Ni"
    ],
    "forces_mae_Ni": 0.00919685987096735,
    "stresses_mae_Ni": 1.1295599391460163
}