{
    "calculator_type": "mace-alexandria",
    "mlearn_elements": [
        "Ni"
    ],
    "forces_mae_Ni": 0.09894482123628406,
    "stresses_mae_Ni": 4.030565022125775
}