{
    "calculator_type": "sevennet",
    "mlearn_elements": [
        "Cu"
    ],
    "forces_mae_Cu": 0.05479324134318943,
    "stresses_mae_Cu": 0.8108623774400346
}