{
    "calculator_type": "mace",
    "mlearn_elements": [
        "Mo"
    ],
    "forces_mae_Mo": 0.2921557401032192,
    "stresses_mae_Mo": 1.8898271217426534
}