{
    "calculator_type": "eqV2_31M_omat_mp_salex",
    "mlearn_elements": [
        "Ge"
    ],
    "forces_mae_Ge": 0.028217515461183444,
    "stresses_mae_Ge": 0.8473627607072759
}