{
    "calculator_type": "eqV2_31M_omat",
    "mlearn_elements": [
        "Si"
    ],
    "forces_mae_Si": 0.01610821260316723,
    "stresses_mae_Si": 1.0352081256229675
}