{
    "calculator_type": "eqV2_86M_omat_mp_salex",
    "mlearn_elements": [
        "Cu"
    ],
    "forces_mae_Cu": 0.004833650102845855,
    "stresses_mae_Cu": 0.8857537869968742
}