{
    "calculator_type": "eqV2_153M_omat",
    "mlearn_elements": [
        "Ge"
    ],
    "forces_mae_Ge": 0.03081798719116279,
    "stresses_mae_Ge": 0.8754167684593929
}