{"loss": [0.637745201587677, 0.8048443794250488, 0.5890239477157593, 0.10177744925022125, 0.11330901831388474, 0.03699532523751259, 0.22903002798557281, 0.30981770157814026, 0.3977520763874054, 0.40977421402931213, 0.07449353486299515, 3.308830738067627, 0.08968399465084076, 0.054132428020238876, 0.23472148180007935, 0.025296300649642944, 0.10499443858861923, 0.04045481979846954, 0.16959352791309357, 0.01854267716407776, 0.8098652958869934, 0.09699060022830963, 0.04075822979211807, 0.034513723105192184, 0.021399909630417824, 0.015181371942162514, 0.02441834658384323, 0.05985007435083389, 0.012351584620773792, 0.008905498310923576, 0.016327138990163803, 0.0157050471752882, 0.015903178602457047, 0.0572059266269207, 0.0243244506418705, 0.0161848496645689, 0.01372482068836689, 0.01327364332973957, 0.023346301168203354, 0.017793210223317146, 0.008474313654005527, 0.013091606087982655, 0.00860131811350584, 0.006552698090672493, 0.006943873129785061, 0.005858897231519222, 0.004635301418602467, 0.00496769230812788, 0.005247639492154121, 0.005289974622428417], "mae": [0.6952513456344604, 0.7550231218338013, 0.6775872707366943, 0.2632259130477905, 0.29182377457618713, 0.16777168214321136, 0.4310362935066223, 0.5002695918083191, 0.5230270028114319, 0.510991096496582, 0.2373526692390442, 1.5928466320037842, 0.24291177093982697, 0.20214512944221497, 0.4478306770324707, 0.14001283049583435, 0.2752580940723419, 0.17996488511562347, 0.37786296010017395, 0.10347382724285126, 0.8125154972076416, 0.2643636465072632, 0.17235350608825684, 0.15320365130901337, 0.11754012107849121, 0.1014535129070282, 0.14006361365318298, 0.18731099367141724, 0.0889759436249733, 0.0834752768278122, 0.1060466319322586, 0.10638057440519333, 0.11284023523330688, 0.19057287275791168, 0.12474770843982697, 0.1049269288778305, 0.0928557887673378, 0.09389495104551315, 0.1263245791196823, 0.1027698889374733, 0.07567952573299408, 0.08901983499526978, 0.07663522660732269, 0.07283245772123337, 0.0709066167473793, 0.06371701508760452, 0.058447957038879395, 0.05867655947804451, 0.060230690985918045, 0.060265325009822845]}