{"loss": [0.5728853299067571, 0.6447896957397461, 0.4285122064443735, 0.11976040326631986, 0.14853703058682954, 0.06815820015393771, 0.2782784608694223, 0.24375282801114595, 0.47266905124370867, 0.2568450707655687, 0.07475689741281363, 2.0338717240553637, 0.11126877711369441, 0.050319442382225625, 0.20826123310969427, 0.02982345223426819, 0.06214080865566547, 0.04154239709560688, 0.1407629526578463, 0.018558365794328544, 0.5895903293903058, 0.07727439586932842, 0.03234554941837604, 0.03215181139799265, 0.02466858121064993, 0.011915283707471995, 0.018419004403627835, 0.04590277488415058, 0.0064163299707266, 0.0052653184303870565, 0.014842462081175584, 0.008558908334145179, 0.009449445857451512, 0.04294850276066707, 0.013370840595318722, 0.01005568068761092, 0.0088914604141162, 0.007855172913808089, 0.01580123259471013, 0.011911473595179044, 0.0033706400830012103, 0.007696295586916117, 0.0036353016128906836, 0.0020594892020408925, 0.003307970670553354, 0.002270637653194941, 0.0014250608017811407, 0.0014122254573381864, 0.0014741084036918788, 0.0015239547938108444], "mae": [0.6102134264432467, 0.6288931919978216, 0.5742718256436862, 0.2886409576122577, 0.3107168124272273, 0.20532648379986101, 0.4864311951857347, 0.4397731927724985, 0.5621004838209885, 0.3821550882779635, 0.2246097051180326, 1.220480698805589, 0.2737241524916429, 0.18433565359849197, 0.41280797811654896, 0.13518259158501258, 0.21055375612699068, 0.181990935252263, 0.34148693084716797, 0.11218776152684139, 0.6856026282677283, 0.23824291962843674, 0.14204512192652777, 0.15195880486414984, 0.1311254042845506, 0.08732748031616211, 0.11723330387702355, 0.18033796090346116, 0.06355892236416157, 0.058000802993774414, 0.10679017580472507, 0.07563920204456036, 0.07934286961188683, 0.17454943290123573, 0.08930885791778564, 0.08446003840519832, 0.07986048551706168, 0.0778497182405912, 0.10789507168989915, 0.094641951414255, 0.048091347400958724, 0.0765563387137193, 0.04932626852622399, 0.03669448999258188, 0.046465699489300065, 0.037819160864903376, 0.030777685917340793, 0.03104106508768522, 0.03133036540104793, 0.032102298278074995]}