{"match_rate": 0.0380952380952381, "rms_dist": 0.21668653672743393, "comp_valid": 0.96, "struct_valid": 1.0, "valid": 0.96, "comp_div": NaN, "struct_div": NaN, "wdist_density": 3.127991569903013, "wdist_num_elems": 0.5714285714285714, "wdist_prop": 0.9725067138671875, "cov_recall": 0.0, "cov_precision": 0.04, "amsd_recall": 0.5462367326739969, "amsd_precision": 0.3878688920330222, "amcd_recall": 9.460229601809257, "amcd_precision": 7.217619679120109}