{
    "calculator_type": "sevennet",
    "mlearn_elements": [
        "Si"
    ],
    "forces_mae_Si": 0.12940881530250212,
    "stresses_mae_Si": 1.1371270719672528
}