{
    "calculator_type": "alignn_ff",
    "mlearn_elements": [
        "Ni"
    ],
    "forces_mae_Ni": 0.4577169973151127,
    "stresses_mae_Ni": 2.680218081082218
}