{
    "calculator_type": "alignn_ff_12_2_24",
    "mlearn_elements": [
        "Cu"
    ],
    "forces_mae_Cu": 0.21592027727012433,
    "stresses_mae_Cu": 2.2145441603034666
}