{
    "calculator_type": "alignn_ff_12_2_24",
    "mlearn_elements": [
        "Ge"
    ],
    "forces_mae_Ge": 0.3953967136776566,
    "stresses_mae_Ge": 0.780313668468333
}