{
    "calculator_type": "eqV2_31M_omat",
    "mlearn_elements": [
        "Ni"
    ],
    "forces_mae_Ni": 0.010311705110049748,
    "stresses_mae_Ni": 1.101615214943961
}