{
    "calculator_type": "eqV2_86M_omat_mp_salex",
    "mlearn_elements": [
        "Li"
    ],
    "forces_mae_Li": 0.005438631629283516,
    "stresses_mae_Li": 0.206764221132883
}