{
    "calculator_type": "eqV2_153M_omat",
    "mlearn_elements": [
        "Si"
    ],
    "forces_mae_Si": 0.01233474765762899,
    "stresses_mae_Si": 1.0786499051589347
}