{
    "calculator_type": "eqV2_86M_omat",
    "mlearn_elements": [
        "Ge"
    ],
    "forces_mae_Ge": 0.03208877315534225,
    "stresses_mae_Ge": 0.8691674971957749
}