{
    "calculator_type": "alignn_ff_12_2_24",
    "mlearn_elements": [
        "Si"
    ],
    "forces_mae_Si": 0.3240733623289393,
    "stresses_mae_Si": 1.1248588642008068
}