{
    "calculator_type": "eqV2_153M_omat",
    "mlearn_elements": [
        "Mo"
    ],
    "forces_mae_Mo": 0.09575471289955813,
    "stresses_mae_Mo": 2.141739144203963
}