{
    "calculator_type": "eqV2_31M_omat_mp_salex",
    "mlearn_elements": [
        "Si"
    ],
    "forces_mae_Si": 0.020823542294864567,
    "stresses_mae_Si": 1.028176395733791
}