{
    "calculator_type": "eqV2_86M_omat_mp_salex",
    "mlearn_elements": [
        "Si"
    ],
    "forces_mae_Si": 0.016365663795061162,
    "stresses_mae_Si": 1.0137033446261214
}