{
    "calculator_type": "orb-v2",
    "mlearn_elements": [
        "Ni"
    ],
    "forces_mae_Ni": 0.026053470350618193,
    "stresses_mae_Ni": 1.3802403617079548
}