{
    "calculator_type": "eqV2_86M_omat_mp_salex",
    "mlearn_elements": [
        "Mo"
    ],
    "forces_mae_Mo": 0.047623466375061894,
    "stresses_mae_Mo": 1.4918877216962039
}