{
    "calculator_type": "eqV2_31M_omat_mp_salex",
    "mlearn_elements": [
        "Ni"
    ],
    "forces_mae_Ni": 0.011282987260814507,
    "stresses_mae_Ni": 1.3934779426179236
}