{
    "calculator_type": "eqV2_86M_omat",
    "mlearn_elements": [
        "Mo"
    ],
    "forces_mae_Mo": 0.09399295500611708,
    "stresses_mae_Mo": 2.1188319696490026
}