{
    "calculator_type": "mace",
    "mlearn_elements": [
        "Ni"
    ],
    "forces_mae_Ni": 0.054623934695979676,
    "stresses_mae_Ni": 1.6971861493633529
}