{
    "calculator_type": "alignn_ff",
    "mlearn_elements": [
        "Cu"
    ],
    "forces_mae_Cu": 0.41137800398158764,
    "stresses_mae_Cu": 2.155233067269172
}