{
    "calculator_type": "eqV2_86M_omat",
    "mlearn_elements": [
        "Si"
    ],
    "forces_mae_Si": 0.013593472645922063,
    "stresses_mae_Si": 1.0459243727401133
}