{
    "calculator_type": "alignn_ff_12_2_24",
    "mlearn_elements": [
        "Li"
    ],
    "forces_mae_Li": 0.12188066042696061,
    "stresses_mae_Li": 0.43449990685579476
}