{
    "calculator_type": "eqV2_31M_omat",
    "mlearn_elements": [
        "Mo"
    ],
    "forces_mae_Mo": 0.09803750222344411,
    "stresses_mae_Mo": 2.1169512545415943
}