{
  "train":{},
  "test":{
      "JVASP-91": 3.572532468660018, 
      "JVASP-14658": 5.726471203079038, 
      "JVASP-1327": 5.493353544789551, 
      "JVASP-1408": 6.208621109153532, 
      "JVASP-1393": 5.511421766537974, 
      "JVASP-1174": 5.674282373542203, 
      "JVASP-1177": 6.222406918289881, 
      "JVASP-1183": 5.85463241514404, 
      "JVASP-1186": 6.058794364301412, 
      "JVASP-1189": 6.578657260521486, 
      "JVASP-116": 4.216099823498223, 
      "JVASP-8003": 5.824132113813477, 
      "JVASP-1192": 6.065859020165497, 
      "JVASP-23": 6.512071460823682, 
      "JVASP-7923": 4.549798105990541, 
      "JVASP-1702": 5.344865316089924, 
      "JVASP-7836": 3.616368514976565, 
      "JVASP-1312": 4.48814855630214, 
      "JVASP-23864": 5.057770096112818, 
      "JVASP-8563": 5.635483660015138, 
      "JVASP-23862": 5.646062338348392, 
      "JVASP-1951": 5.936236587013879, 
      "JVASP-1996": 6.540908704857849, 
      "JVASP-20309": 5.317346003018322, 
      "JVASP-1145": 6.164494648389474, 
      "JVASP-1993": 6.5462367685376535, 
      "JVASP-1942": 6.979597437522639, 
      "JVASP-21717": 5.705522152947759, 
      "JVASP-1921": 6.90006191461943, 
      "JVASP-1945": 7.408571182124134, 
      "JVASP-14615": 3.94310558822154, 
      "JVASP-14630": 3.436408654898964, 
      "JVASP-14648": 3.539593331507302, 
      "JVASP-14610": 3.125488140066324, 
      "JVASP-78335": 3.87242520188803, 
      "JVASP-14606": 4.006444268597888, 
      "JVASP-79561": 3.148113976695541, 
      "JVASP-14607": 3.8920857529467483, 
      "JVASP-825": 4.0621674643524885, 
      "JVASP-961": 4.954417118152967, 
      "JVASP-78326": 2.957234194967641, 
      "JVASP-14818": 3.259384492991696, 
      "JVASP-14750": 3.282635021546988, 
      "JVASP-14741": 4.223532420054915, 
      "JVASP-19679": 4.5609576075124085, 
      "JVASP-15075": 4.502095251496396, 
      "JVASP-19896": 4.086416006839532, 
      "JVASP-35790": 4.354330760873921, 
      "JVASP-19767": 4.400688707631025, 
      "JVASP-18916": 4.2906453092992045, 
      "JVASP-15086": 4.436993669437508, 
      "JVASP-1127": 4.0789399709533205, 
      "JVASP-8082": 3.7889482782730637, 
      "JVASP-7848": 3.777284847169221, 
  }
}
