{
    "calculator_type": "eqV2_86M_omat_mp_salex",
    "mlearn_elements": [
        "Ge"
    ],
    "forces_mae_Ge": 0.029529524381335315,
    "stresses_mae_Ge": 0.8417424601893769
}