{
    "calculator_type": "alignn_ff",
    "mlearn_elements": [
        "Si"
    ],
    "forces_mae_Si": 0.5489489804896613,
    "stresses_mae_Si": 1.1303284340258277
}