{
    "calculator_type": "alignn_ff_12_2_24",
    "mlearn_elements": [
        "Ni"
    ],
    "forces_mae_Ni": 0.3026297083080123,
    "stresses_mae_Ni": 2.70995814275235
}