{
    "calculator_type": "orb-v2",
    "mlearn_elements": [
        "Mo"
    ],
    "forces_mae_Mo": 0.12958781897445967,
    "stresses_mae_Mo": 1.6380508397250717
}