{
    "calculator_type": "eqV2_31M_omat_mp_salex",
    "mlearn_elements": [
        "Mo"
    ],
    "forces_mae_Mo": 0.056359513959720366,
    "stresses_mae_Mo": 1.4664864395630208
}