{
    "calculator_type": "alignn_ff_12_2_24",
    "mlearn_elements": [
        "Mo"
    ],
    "forces_mae_Mo": 0.8687823188310289,
    "stresses_mae_Mo": 5.529467208325023
}