{
    "calculator_type": "matgl-direct",
    "mlearn_elements": [
        "Mo"
    ],
    "forces_mae_Mo": 0.2997498677238052,
    "stresses_mae_Mo": 3.5359747353648365
}