{
    "calculator_type": "matgl-direct",
    "mlearn_elements": [
        "Cu"
    ],
    "forces_mae_Cu": 0.05444725013086393,
    "stresses_mae_Cu": 2.141215634363112
}