,jid,target,prediction
132,JVASP-1216,3.2986,2.4596696367841817
145,JVASP-1405,7.09582,7.662760747415254
153,JVASP-1453,4.84256,4.574063173470682
267,JVASP-32,7.19564,6.148134676491283
308,JVASP-5,5.4825,4.989008945817783
394,JVASP-27978,3.49713,2.165058785993211
