{"train": {"JVASP-101250_O_c": 4.00972, "JVASP-105710_O_g": 0.93498, "JVASP-107385_O_c": 3.43562, "JVASP-107386_O_c": 4.00357, "JVASP-12019_O_i": 1.91599, "JVASP-12195_O_i": 1.69772, "JVASP-1285_O_e": 0.89207, "JVASP-17252_O_c": 3.02541, "JVASP-17253_O_c": 2.57392, "JVASP-18888_O_g": 2.67782, "JVASP-22677_O_e": 0.03705, "JVASP-53976_O_f": 3.26956, "JVASP-60771_O_c": 1.9139, "JVASP-92452_O_d": 1.89808, "JVASP-93342_O_f": 4.5304, "JVASP-93457_O_f": 2.90176, "JVASP-93460_O_g": 2.66511, "JVASP-93956_O_f": 3.34888, "JVASP-94296_O_d": 3.75529, "JVASP-94344_O_f": 4.49789, "JVASP-94423_O_f": 3.68523, "JVASP-104_O_e": 4.9185, "JVASP-113_O_e": 6.33254, "JVASP-116_O_b": 7.02176}, "test": {"JVASP-1216_O_a": 3.2986, "JVASP-1405_O_b": 7.09582, "JVASP-1453_O_c": 4.84256, "JVASP-32_O_e": 7.19564, "JVASP-5_O_f": 5.4825, "JVASP-27978_O_d": 3.49713}}